出表日期,年度,季別,公司代號,公司名稱,產業別,基本每股盈餘(元),普通股每股面額,營業收入,營業利益,營業外收入及支出,稅後淨利
"109/11/11","109","3","1101","台灣水泥股份有限公司","水泥工業","3.15","新台幣                 10.0000元","82248488.00","22836816.00","3380640.00","20706302.00"
"109/11/11","109","3","1201","味全食品工業股份有限公司","食品工業","0.64","新台幣                 10.0000元","13942049.00","483747.00","-71270.00","324060.00"
"109/11/11","109","3","1232","大統益股份有限公司","食品工業","5.41","新台幣                 10.0000元","12485761.00","1089347.00","25783.00","888834.00"
"109/11/11","109","3","1303","南亞塑膠工業股份有限公司","塑膠工業","1.71","新台幣                 10.0000元","193972294.00","10649292.00","6128565.00","14330636.00"
"109/11/11","109","3","1310","台灣苯乙烯工業股份有限公司","塑膠工業","-0.29","新台幣                 10.0000元","5559443.00","-316097.00","159783.00","-154966.00"
"109/11/11","109","3","1313","聯成化學科技股份有限公司","塑膠工業","0.65","新台幣                 10.0000元","35051896.00","732812.00","313808.00","863733.00"
"109/11/11","109","3","1324","地球綜合工業股份有限公司","塑膠工業","0.16","新台幣                 10.0000元","793922.00","9047.00","6615.00","11786.00"
"109/11/11","109","3","1326","台灣化學纖維股份有限公司","塑膠工業","1.67","新台幣                 10.0000元","180584409.00","5736993.00","6287005.00","10996262.00"
"109/11/11","109","3","1337","亞洲塑膠再生資源控股有限公司","塑膠工業","-1.32","新台幣                 10.0000元","646091.00","-385318.00","29967.00","-355351.00"
"109/11/11","109","3","1341","富林塑膠工業(開曼)控股(股)公司","塑膠工業","4.01","新台幣                 10.0000元","1866011.00","250162.00","330.00","198080.00"
"109/11/11","109","3","1423","利華羊毛工業股份有限公司","紡織纖維","-0.83","新台幣                 10.0000元","163957.00","-163741.00","35492.00","-114630.00"
"109/11/11","109","3","1434","福懋興業股份有限公司","紡織纖維","1.06","新台幣                 10.0000元","21627329.00","343927.00","1562914.00","1788700.00"
"109/11/11","109","3","1437","勤益投資控股股份有限公司","其他","1.16","新台幣                 10.0000元","426140.00","257023.00","46320.00","236091.00"
"109/11/11","109","3","1440","臺南紡織股份有限公司","紡織纖維","0.15","新台幣                 10.0000元","12598172.00","-416579.00","644215.00","285702.00"
"109/11/11","109","3","1451","年興紡織股份有限公司","紡織纖維","-2.15","新台幣                 10.0000元","5029292.00","-347774.00","-205700.00","-426595.00"
"109/11/11","109","3","1452","宏益纖維工業股份有限公司","紡織纖維","0.25","新台幣                 10.0000元","826847.00","3145.00","28880.00","33321.00"
"109/11/11","109","3","1454","台灣富綢纖維股份有限公司","紡織纖維","-0.34","新台幣                 10.0000元","877527.00","-82374.00","20328.00","-42758.00"
"109/11/11","109","3","1476","儒鴻企業股份有限公司","紡織纖維","9.69","新台幣                 10.0000元","18849824.00","3432628.00","-61744.00","2659794.00"
"109/11/11","109","3","1477","聚陽實業股份有限公司","紡織纖維","7.18","新台幣                 10.0000元","18883046.00","2070861.00","39369.00","1593200.00"
"109/11/11","109","3","1514","亞力電機股份有限公司","電機機械","1.24","新台幣                 10.0000元","3681254.00","277095.00","29160.00","267171.00"
"109/11/11","109","3","1515","力山工業股份有限公司","電機機械","2.60","新台幣                 10.0000元","6854568.00","635057.00","-39836.00","476809.00"
"109/11/11","109","3","1524","耿鼎企業股份有限公司","汽車工業","0.17","新台幣                 10.0000元","1396214.00","36458.00","-6818.00","30428.00"
"109/11/11","109","3","1526","日馳企業股份有限公司","電機機械","2.54","新台幣                 10.0000元","884671.00","93779.00","96222.00","152424.00"
"109/11/11","109","3","1528","恩德科技股份有限公司","電機機械","-0.35","新台幣                 10.0000元","2390593.00","-47655.00","-24002.00","-67451.00"
"109/11/11","109","3","1530","亞崴機電股份有限公司","電機機械","3.75","新台幣                 10.0000元","2241723.00","19881.00","510427.00","576990.00"
"109/11/11","109","3","1533","車王電子股份有限公司","汽車工業","0.25","新台幣                 10.0000元","1792624.00","13818.00","-15568.00","-49826.00"
"109/11/11","109","3","1535","中宇環保工程股份有限公司","電機機械","1.05","新台幣                 10.0000元","6240525.00","30410.00","123042.00","129757.00"
"109/11/11","109","3","1537","廣隆光電科技股份有限公司","電機機械","7.91","新台幣                 10.0000元","5231325.00","864211.00","2479.00","647228.00"
"109/11/11","109","3","1558","伸興工業股份有限公司","電機機械","10.21","新台幣                 10.0000元","5035770.00","839054.00","2311.00","625680.00"
"109/11/11","109","3","1560","中國砂輪企業股份有限公司","電機機械","2.78","新台幣                 10.0000元","3829652.00","524495.00","2693.00","418411.00"
"109/11/11","109","3","1582","信錦企業股份有限公司","電子零組件業","6.13","新台幣                 10.0000元","6990623.00","1182749.00","-681.00","765352.00"
"109/11/11","109","3","1608","華榮電線電纜股份有限公司","電器電纜","-0.30","新台幣                 10.0000元","5476978.00","78999.00","-165271.00","-129272.00"
"109/11/11","109","3","1609","大亞電線電纜股份有限公司","電器電纜","1.07","新台幣                 10.0000元","12847512.00","242995.00","602131.00","730660.00"
"109/11/11","109","3","1612","宏泰電工股份有限公司","電器電纜","1.14","新台幣                 10.0000元","3440018.00","235890.00","173299.00","360391.00"
"109/11/11","109","3","1626","艾美特(開曼)國際有限公司","電器電纜","1.11","新台幣                 10.0000元","7309325.00","209521.00","-1036.00","154470.00"
"109/11/11","109","3","1707","葡萄王生技股份有限公司","生技醫療業","6.25","新台幣                 10.0000元","6425187.00","1540538.00","54910.00","1271735.00"
"109/11/11","109","3","1712","興農股份有限公司","化學工業","1.41","新台幣                 10.0000元","13483153.00","898393.00","-180141.00","599430.00"
"109/11/11","109","3","1713","國泰化工廠股份有限公司","化學工業","0.27","新台幣                 10.0000元","347975.00","13753.00","29299.00","40389.00"
"109/11/11","109","3","1720","生達化學製藥股份有限公司","生技醫療業","2.04","新台幣                 10.0000元","3187827.00","525289.00","33916.00","445656.00"
"109/11/11","109","3","1723","中鋼碳素化學股份有限公司","化學工業","2.19","新台幣                 10.0000元","3910619.00","529430.00","89227.00","503499.00"
"109/11/11","109","3","1724","台硝股份有限公司","化學工業","0.18","新台幣                 10.0000元","1295361.00","55729.00","-28583.00","22919.00"
"109/11/11","109","3","1726","永記造漆工業股份有限公司","化學工業","3.73","新台幣                 10.0000元","5755183.00","706488.00","51279.00","603514.00"
"109/11/11","109","3","1736","喬山健康科技股份有限公司","生技醫療業","0.63","新台幣                 10.0000元","18640554.00","230803.00","75282.00","242330.00"
"109/11/11","109","3","1737","臺鹽實業股份有限公司","食品工業","1.22","新台幣                 10.0000元","2272066.00","305635.00","-8836.00","240024.00"
"109/11/11","109","3","1773","勝一化工股份有限公司","化學工業","4.71","新台幣                 10.0000元","5676212.00","1007022.00","55165.00","847740.00"
"109/11/11","109","3","1786","科妍生物科技股份有限公司","生技醫療業","1.52","新台幣                 10.0000元","334954.00","101851.00","6682.00","92708.00"
"109/11/11","109","3","1789","台灣神隆股份有限公司","生技醫療業","0.35","新台幣                 10.0000元","2208930.00","354400.00","-8079.00","273901.00"
"109/11/11","109","3","1817","凱撒衛浴股份有限公司","玻璃陶瓷","2.17","新台幣                 10.0000元","1682980.00","205787.00","-819.00","156766.00"
"109/11/11","109","3","1906","寶隆國際股份有限公司","造紙工業","0.62","新台幣                 10.0000元","1015763.00","9598.00","85109.00","93054.00"
"109/11/11","109","3","2002","中國鋼鐵股份有限公司","鋼鐵工業","-0.28","新台幣                 10.0000元","227177332.00","-3571076.00","79332.00","-3823054.00"
"109/11/11","109","3","2013","中國鋼鐵結構股份有限公司","鋼鐵工業","2.19","新台幣                 10.0000元","9417359.00","129584.00","375487.00","423661.00"
"109/11/11","109","3","2014","中鴻鋼鐵股份有限公司","鋼鐵工業","-0.17","新台幣                 10.0000元","27192845.00","-335259.00","96286.00","-238973.00"
"109/11/11","109","3","2015","豐興鋼鐵股份有限公司","鋼鐵工業","3.29","新台幣                 10.0000元","19689990.00","2280945.00","90607.00","1915004.00"
"109/11/11","109","3","2024","志聯工業股份有限公司","鋼鐵工業","0.06","新台幣                 10.0000元","827611.00","8657.00","-1408.00","5799.00"
"109/11/11","109","3","2028","威致鋼鐵工業股份有限公司","鋼鐵工業","1.01","新台幣                 10.0000元","5987900.00","344288.00","-11830.00","328791.00"
"109/11/11","109","3","2030","彰源企業股份有限公司","鋼鐵工業","0.01","新台幣                 10.0000元","7727450.00","95292.00","-57880.00","4145.00"
"109/11/11","109","3","2031","新光鋼鐵股份有限公司","鋼鐵工業","2.19","新台幣                 10.0000元","7158559.00","178745.00","523848.00","687484.00"
"109/11/11","109","3","2032","新鋼工業股份有限公司","鋼鐵工業","0.46","新台幣                 10.0000元","2381755.00","69980.00","3504.00","60535.00"
"109/11/11","109","3","2033","佳大世界股份有限公司","鋼鐵工業","0.12","新台幣                 10.0000元","569575.00","8641.00","4215.00","9768.00"
"109/11/11","109","3","2034","允強實業股份有限公司","鋼鐵工業","1.15","新台幣                 10.0000元","9752919.00","411640.00","176153.00","469692.00"
"109/11/11","109","3","2049","上銀科技股份有限公司","電機機械","4.27","新台幣                 10.0000元","15115780.00","1263214.00","397609.00","1195983.00"
"109/11/11","109","3","2059","川湖科技股份有限公司","電子零組件業","9.66","新台幣                 10.0000元","3537478.00","1477816.00","-236992.00","920809.00"
"109/11/11","109","3","2062","橋椿金屬股份有限公司","其他","-1.11","新台幣                 10.0000元","5048923.00","-93202.00","-78877.00","-180039.00"
"109/11/11","109","3","2069","運錩鋼鐵股份有限公司","鋼鐵工業","-0.35","新台幣                 10.0000元","5161780.00","23987.00","-70312.00","-54506.00"
"109/11/11","109","3","2101","南港輪胎股份有限公司","橡膠工業","0.84","新台幣                 10.0000元","7113659.00","657690.00","180572.00","671219.00"
"109/11/11","109","3","2103","台橡股份有限公司","橡膠工業","-0.35","新台幣                 10.0000元","17636545.00","539846.00","-449207.00","-106867.00"
"109/11/11","109","3","2104","國際中橡投資控股股份有限公司","橡膠工業","0.24","新台幣                 10.0000元","12187129.00","666769.00","73502.00","156529.00"
"109/11/11","109","3","2107","厚生股份有限公司","橡膠工業","2.32","新台幣                 10.0000元","2431104.00","684913.00","124414.00","800612.00"
"109/11/11","109","3","2108","南帝化學工業股份有限公司","橡膠工業","3.24","新台幣                 10.0000元","8806946.00","2201753.00","-21763.00","1646666.00"
"109/11/11","109","3","2114","鑫永銓股份有限公司","橡膠工業","3.91","新台幣                 10.0000元","1174575.00","371757.00","-27460.00","276956.00"
"109/11/11","109","3","2115","六暉控股股份有限公司","汽車工業","5.33","新台幣                 10.0000元","1767427.00","186617.00","490650.00","481893.00"
"109/11/11","109","3","2227","裕隆日產汽車股份有限公司","汽車工業","12.74","新台幣                 10.0000元","21635012.00","132749.00","4629911.00","3821968.00"
"109/11/11","109","3","2233","宇隆科技股份有限公司","汽車工業","4.36","新台幣                 10.0000元","1789459.00","261791.00","30587.00","250522.00"
"109/11/11","109","3","2239","開曼英利工業股份有限公司","汽車工業","2.20","新台幣                 10.0000元","14177293.00","760858.00","-187666.00","472471.00"
"109/11/11","109","3","2241","艾姆勒車電股份有限公司","電機機械","0.16","新台幣                 10.0000元","608024.00","36354.00","-20986.00","12376.00"
"109/11/11","109","3","2301","光寶科技股份有限公司","電腦及週邊設備業","3.45","新台幣                 10.0000元","115697866.00","8386202.00","1719920.00","7782090.00"
"109/11/11","109","3","2303","聯華電子股份有限公司","半導體業","1.50","新台幣                 10.0000元","131524561.00","16392621.00","299828.00","16290911.00"
"109/11/11","109","3","2308","台達電子工業股份有限公司","電子零組件業","6.95","新台幣                 10.0000元","204052473.00","21692450.00","2698787.00","19463415.00"
"109/11/11","109","3","2313","華通電腦股份有限公司","電子零組件業","2.83","新台幣                 10.0000元","42388087.00","4763589.00","-238875.00","3369072.00"
"109/11/11","109","3","2327","國巨股份有限公司","電子零組件業","20.03","新台幣                 10.0000元","45446653.00","12393009.00","-519193.00","9289136.00"
"109/11/11","109","3","2328","廣宇科技股份有限公司","電子零組件業","0.90","新台幣                 10.0000元","15061690.00","564202.00","135835.00","481279.00"
"109/11/11","109","3","2329","華泰電子股份有限公司","半導體業","-0.46","新台幣                 10.0000元","10406485.00","-265373.00","-30133.00","-254575.00"
"109/11/11","109","3","2332","友訊科技股份有限公司","通信網路業","0.38","新台幣                 10.0000元","11024577.00","49183.00","337399.00","304557.00"
"109/11/11","109","3","2337","旺宏電子股份有限公司","半導體業","2.27","新台幣                 10.0000元","29643413.00","4429514.00","58737.00","4169970.00"
"109/11/11","109","3","2340","光磊科技股份有限公司","光電業","0.92","新台幣                 10.0000元","3879059.00","448775.00","-43040.00","346392.00"
"109/11/11","109","3","2347","聯強國際股份有限公司","電子通路業","3.41","新台幣                 10.0000元","234274953.00","5227444.00","2182133.00","5948905.00"
"109/11/11","109","3","2353","宏碁股份有限公司","電腦及週邊設備業","1.34","新台幣                 10.0000元","194493919.00","5056710.00","616642.00","4096242.00"
"109/11/11","109","3","2356","英業達股份有限公司","電腦及週邊設備業","1.85","新台幣                 10.0000元","382817282.00","3812182.00","5718846.00","6197893.00"
"109/11/11","109","3","2363","矽統科技股份有限公司","半導體業","-0.24","新台幣                 10.0000元","114891.00","-341396.00","212578.00","-149522.00"
"109/11/11","109","3","2367","燿華電子股份有限公司","電子零組件業","-1.76","新台幣                 10.0000元","9704887.00","-1611689.00","477198.00","-1091110.00"
"109/11/11","109","3","2383","台光電子材料股份有限公司","電子零組件業","8.40","新台幣                 10.0000元","19683479.00","3480629.00","75679.00","2717306.00"
"109/11/11","109","3","2385","群光電子股份有限公司","電子零組件業","6.02","新台幣                 10.0000元","69627540.00","6341614.00","-265946.00","5019232.00"
"109/11/11","109","3","2387","精元電腦股份有限公司","電腦及週邊設備業","4.26","新台幣                 10.0000元","14487895.00","1292168.00","-131488.00","872989.00"
"109/11/11","109","3","2395","研華股份有限公司","電腦及週邊設備業","7.19","新台幣                 10.0000元","38340209.00","6759248.00","287091.00","5573845.00"
"109/11/11","109","3","2397","友通資訊股份有限公司","電腦及週邊設備業","2.86","新台幣                 10.0000元","6257052.00","494871.00","-17196.00","370500.00"
"109/11/11","109","3","2408","南亞科技股份有限公司","半導體業","2.21","新台幣                 10.0000元","46232094.00","7130856.00","723515.00","6761892.00"
"109/11/11","109","3","2412","中華電信股份有限公司","通信網路業","3.25","新台幣                 10.0000元","148129189.00","31863432.00","556477.00","26116127.00"
"109/11/11","109","3","2414","精技電腦股份有限公司","電子通路業","1.74","新台幣                 10.0000元","16214790.00","348034.00","-1161.00","279938.00"
"109/11/11","109","3","2415","錩新科技股份有限公司","電子零組件業","-0.18","新台幣                 10.0000元","1338146.00","106913.00","-92916.00","7717.00"
"109/11/11","109","3","2419","仲琦科技股份有限公司","通信網路業","0.54","新台幣                 10.0000元","7003427.00","292824.00","1995.00","229045.00"
"109/11/11","109","3","2420","新巨企業股份有限公司","電子零組件業","2.14","新台幣                 10.0000元","1791725.00","362963.00","39711.00","328041.00"
"109/11/11","109","3","2421","建準電機工業股份有限公司","電子零組件業","2.79","新台幣                 10.0000元","9385898.00","889562.00","1876.00","699550.00"
"109/11/11","109","3","2427","三商電腦股份有限公司","資訊服務業","0.57","新台幣                 10.0000元","1969164.00","112840.00","20672.00","105486.00"
"109/11/11","109","3","2428","興勤電子工業股份有限公司","電子零組件業","7.47","新台幣                 10.0000元","4213978.00","1299770.00","27401.00","952544.00"
"109/11/11","109","3","2430","燦坤實業股份有限公司","電子通路業","1.25","新台幣                 10.0000元","14548629.00","296212.00","-29743.00","208523.00"
"109/11/11","109","3","2436","偉詮電子股份有限公司","半導體業","0.99","新台幣                 10.0000元","1862352.00","92625.00","85616.00","174180.00"
"109/11/11","109","3","2439","美律實業股份有限公司","通信網路業","3.60","新台幣                 10.0000元","21758018.00","628048.00","305359.00","731406.00"
"109/11/11","109","3","2441","超豐電子股份有限公司","半導體業","3.38","新台幣                 10.0000元","10641584.00","2317252.00","41409.00","1920059.00"
"109/11/11","109","3","2449","京元電子股份有限公司","半導體業","2.41","新台幣                 10.0000元","22022246.00","3944765.00","-70272.00","2943660.00"
"109/11/11","109","3","2450","神腦國際企業股份有限公司","通信網路業","1.10","新台幣                 10.0000元","19410408.00","191273.00","143596.00","283734.00"
"109/11/11","109","3","2451","創見資訊股份有限公司","半導體業","2.17","新台幣                 10.0000元","8471020.00","953998.00","200817.00","932998.00"
"109/11/11","109","3","2455","全新光電科技股份有限公司","通信網路業","2.09","新台幣                 10.0000元","1887771.00","485273.00","-20262.00","386793.00"
"109/11/11","109","3","2456","奇力新電子股份有限公司","電子零組件業","5.45","新台幣                 10.0000元","12909753.00","1676964.00","37701.00","1408648.00"
"109/11/11","109","3","2457","飛宏科技股份有限公司","電子零組件業","-0.52","新台幣                 10.0000元","6580163.00","-300894.00","148101.00","-175666.00"
"109/11/11","109","3","2458","義隆電子股份有限公司","半導體業","7.04","新台幣                 10.0000元","10452707.00","2855920.00","-360292.00","2003452.00"
"109/11/11","109","3","2464","盟立自動化股份有限公司","其他電子業","2.09","新台幣                 10.0000元","6418646.00","475973.00","-29530.00","409076.00"
"109/11/11","109","3","2467","志聖工業股份有限公司","電子零組件業","2.01","新台幣                 10.0000元","2741501.00","343905.00","56283.00","318939.00"
"109/11/11","109","3","2471","資通電腦股份有限公司","資訊服務業","1.36","新台幣                 10.0000元","528464.00","43615.00","28838.00","64256.00"
"109/11/11","109","3","2474","可成科技股份有限公司","其他電子業","9.49","新台幣                 10.0000元","63822761.00","11597377.00","1910296.00","7282729.00"
"109/11/11","109","3","2480","敦陽科技股份有限公司","資訊服務業","3.39","新台幣                 10.0000元","3968879.00","398528.00","39922.00","360176.00"
"109/11/11","109","3","2482","連宇股份有限公司","其他電子業","-0.26","新台幣                 10.0000元","643874.00","-18458.00","4317.00","-16054.00"
"109/11/11","109","3","2483","百容電子股份有限公司","電子零組件業","0.89","新台幣                 10.0000元","1309504.00","37480.00","73109.00","98017.00"
"109/11/11","109","3","2484","希華晶體科技股份有限公司","電子零組件業","0.92","新台幣                 10.0000元","1884507.00","170318.00","12739.00","145812.00"
"109/11/11","109","3","2486","一詮精密工業股份有限公司","光電業","-0.39","新台幣                 10.0000元","2988510.00","-21911.00","-60465.00","-83967.00"
"109/11/11","109","3","2488","漢平電子工業股份有限公司","其他電子業","1.65","新台幣                 10.0000元","1247346.00","114928.00","52125.00","132910.00"
"109/11/11","109","3","2492","華新科技股份有限公司","電子零組件業","10.23","新台幣                 10.0000元","25486649.00","5875930.00","773121.00","5407044.00"
"109/11/11","109","3","2493","揚博科技股份有限公司","電子零組件業","2.07","新台幣                 10.0000元","1903031.00","285662.00","9731.00","236417.00"
"109/11/11","109","3","2497","怡利電子工業股份有限公司","汽車工業","-0.77","新台幣                 10.0000元","1083175.00","-136898.00","28786.00","-91972.00"
"109/11/11","109","3","2504","國產建材實業股份有限公司","建材營造","1.31","新台幣                 10.0000元","13203318.00","1567322.00","307001.00","1807060.00"
"109/11/11","109","3","2506","太平洋建設股份有限公司","建材營造","-0.40","新台幣                 10.0000元","631001.00","-126781.00","12094.00","-128060.00"
"109/11/11","109","3","2509","全坤建設開發股份有限公司","建材營造","0.27","新台幣                 10.0000元","633357.00","134669.00","-59784.00","60872.00"
"109/11/11","109","3","2511","太子建設開發股份有限公司","建材營造","0.21","新台幣                 10.0000元","7723683.00","-163835.00","437122.00","280661.00"
"109/11/11","109","3","2528","皇普建設股份有限公司","建材營造","-0.92","新台幣                 10.0000元","189.00","-253692.00","-2218.00","-255908.00"
"109/11/11","109","3","2536","宏普建設股份有限公司","建材營造","1.54","新台幣                 10.0000元","3456123.00","665001.00","-28880.00","512689.00"
"109/11/11","109","3","2548","華固建設股份有限公司","建材營造","8.02","新台幣                 10.0000元","9847368.00","2555152.00","64045.00","2217836.00"
"109/11/11","109","3","2605","新興航運股份有限公司","航運業","0.60","新台幣                 10.0000元","3272555.00","522405.00","-71055.00","411234.00"
"109/11/11","109","3","2610","中華航空股份有限公司","航運業","-0.37","新台幣                 10.0000元","85484350.00","-580659.00","-1978962.00","-2375245.00"
"109/11/11","109","3","2614","東森國際股份有限公司","貿易百貨","0.66","新台幣                 10.0000元","3398498.00","48674.00","156223.00","343090.00"
"109/11/11","109","3","2618","長榮航空股份有限公司","航運業","-0.75","新台幣                 10.0000元","67925015.00","-1572953.00","-2589541.00","-3574293.00"
"109/11/11","109","3","2630","亞洲航空股份有限公司","航運業","0.27","新台幣                 10.0000元","3038511.00","1500.00","36380.00","32941.00"
"109/11/11","109","3","2633","台灣高速鐵路股份有限公司","航運業","0.58","新台幣                 10.0000元","27629023.00","7399056.00","-4416942.00","3275772.00"
"109/11/11","109","3","2634","漢翔航空工業股份有限公司","航運業","0.30","新台幣                 10.0000元","14996258.00","204896.00","186107.00","285162.00"
"109/11/11","109","3","2636","台驊國際投資控股股份有限公司","航運業","3.07","新台幣                 10.0000元","10292550.00","478633.00","-20020.00","366835.00"
"109/11/11","109","3","2637","慧洋海運股份有限公司","航運業","-0.43","新台幣                 10.0000元","8649513.00","855506.00","-1157353.00","-314348.00"
"109/11/11","109","3","2707","晶華國際酒店股份有限公司","觀光事業","3.44","新台幣                 10.0000元","3864864.00","470745.00","111383.00","486201.00"
"109/11/11","109","3","2727","王品餐飲股份有限公司","觀光事業","2.52","新台幣                 10.0000元","10906628.00","299532.00","-156316.00","89101.00"
"109/11/11","109","3","2739","寒舍餐旅管理顧問股份有限公司","觀光事業","-2.71","新台幣                 10.0000元","1938614.00","-334167.00","-73775.00","-302219.00"
"109/11/11","109","3","2809","京城商業銀行股份有限公司","金融保險業","3.29","新台幣                 10.0000元","6287153.00","--","--","3684656.00"
"109/11/11","109","3","2816","旺旺友聯產物保險股份有限公司","金融保險業","2.76","新台幣                 10.0000元","6022011.00","589516.00","27296.00","616080.00"
"109/11/11","109","3","2820","中華票券金融股份有限公司","金融保險業","0.89","新台幣                 10.0000元","1861976.00","--","--","1193993.00"
"109/11/11","109","3","2823","中國人壽保險股份有限公司","金融保險業","3.32","新台幣                 10.0000元","236669558.00","16177705.00","-55410.00","14840536.00"
"109/11/11","109","3","2836","高雄銀行股份有限公司","金融保險業","0.53","新台幣                 10.0000元","2824237.00","--","--","577689.00"
"109/11/11","109","3","2849","安泰商業銀行股份有限公司","金融保險業","0.79","新台幣                 10.0000元","4409683.00","--","--","1545633.00"
"109/11/11","109","3","2851","中央再保險股份有限公司","金融保險業","2.42","新台幣                 10.0000元","13277799.00","1702479.00","14.00","1430581.00"
"109/11/11","109","3","2855","統一綜合證券股份有限公司","金融保險業","1.36","新台幣                 10.0000元","6260119.00","1911870.00","244641.00","1911338.00"
"109/11/11","109","3","2897","王道商業銀行股份有限公司","金融保險業","0.32","新台幣                 10.0000元","6007586.00","--","--","1766946.00"
"109/11/11","109","3","2901","欣欣大眾市場股份有限公司","貿易百貨","0.14","新台幣                 10.0000元","79883.00","5925.00","6827.00","10532.00"
"109/11/11","109","3","2904","匯僑股份有限公司","其他","1.76","新台幣                 10.0000元","399205.00","134837.00","2222.00","121817.00"
"109/11/11","109","3","2908","特力股份有限公司","貿易百貨","1.28","新台幣                 10.0000元","30793938.00","960354.00","-97659.00","644126.00"
"109/11/11","109","3","2910","統領百貨股份有限公司","貿易百貨","0.36","新台幣                 10.0000元","360198.00","118300.00","-23962.00","63134.00"
"109/11/11","109","3","2912","統一超商股份有限公司","貿易百貨","7.66","新台幣                 10.0000元","192346204.00","9275921.00","1265745.00","8770303.00"
"109/11/11","109","3","3004","豐達科技股份有限公司(原宏達)","鋼鐵工業","1.45","新台幣                 10.0000元","1359769.00","64398.00","1767.00","76478.00"
"109/11/11","109","3","3008","大立光電股份有限公司","光電業","131.03","新台幣                 10.0000元","40651759.00","23647606.00","-520264.00","17576756.00"
"109/11/11","109","3","3011","今皓實業股份有限公司","電子零組件業","-0.43","新台幣                 10.0000元","976744.00","-63828.00","11186.00","-48677.00"
"109/11/11","109","3","3013","晟銘電子科技股份有限公司","電腦及週邊設備業","0.55","新台幣                 10.0000元","4581160.00","195461.00","-28613.00","108852.00"
"109/11/11","109","3","3014","聯陽半導體股份有限公司","半導體業","4.32","新台幣                 10.0000元","3459395.00","810590.00","9504.00","692387.00"
"109/11/11","109","3","3015","全漢企業股份有限公司","電子零組件業","2.86","新台幣                 10.0000元","10740634.00","333172.00","453909.00","562338.00"
"109/11/11","109","3","3017","奇鋐科技股份有限公司","電腦及週邊設備業","3.97","新台幣                 10.0000元","29139567.00","2179152.00","-66085.00","1483391.00"
"109/11/11","109","3","3019","亞洲光學股份有限公司","光電業","0.85","新台幣                 10.0000元","11366354.00","612609.00","15439.00","423892.00"
"109/11/11","109","3","3023","信邦電子股份有限公司","電子零組件業","7.11","新台幣                 10.0000元","15669543.00","2036056.00","136235.00","1699435.00"
"109/11/11","109","3","3026","禾伸堂企業股份有限公司","電子零組件業","6.71","新台幣                 10.0000元","10961061.00","1236613.00","54824.00","998071.00"
"109/11/11","109","3","3029","零壹科技股份有限公司","資訊服務業","2.82","新台幣                 10.0000元","7598541.00","408714.00","29597.00","348297.00"
"109/11/11","109","3","3030","德律科技股份有限公司","其他電子業","4.04","新台幣                 10.0000元","4008172.00","1237738.00","-36684.00","953368.00"
"109/11/11","109","3","3031","佰鴻工業股份有限公司","光電業","0.51","新台幣                 10.0000元","998055.00","64206.00","59130.00","89118.00"
"109/11/11","109","3","3034","聯詠科技股份有限公司","半導體業","13.43","新台幣                 10.0000元","57502678.00","10029308.00","-29873.00","8173030.00"
"109/11/11","109","3","3035","智原科技股份有限公司","半導體業","0.99","新台幣                 10.0000元","4065189.00","124811.00","166958.00","233516.00"
"109/11/11","109","3","3036","文曄科技股份有限公司","電子通路業","3.62","新台幣                 10.0000元","244061884.00","3747933.00","-529795.00","2557056.00"
"109/11/11","109","3","3037","欣興電子股份有限公司","電子零組件業","2.34","新台幣                 10.0000元","65316058.00","3312062.00","849405.00","3307336.00"
"109/11/11","109","3","3040","遠見科技股份有限公司","其他","5.72","新台幣                 10.0000元","110080.00","25686.00","359863.00","360623.00"
"109/11/11","109","3","3041","揚智科技股份有限公司","半導體業","-0.89","新台幣                 10.0000元","1496723.00","-243692.00","48609.00","-168546.00"
"109/11/11","109","3","3044","健鼎科技股份有限公司","電子零組件業","8.17","新台幣                 10.0000元","40438969.00","4589491.00","867434.00","4293414.00"
"109/11/11","109","3","3046","建碁股份有限公司","電腦及週邊設備業","-1.01","新台幣                 10.0000元","1190865.00","-77982.00","10211.00","-71748.00"
"109/11/11","109","3","3047","訊舟科技股份有限公司","通信網路業","0.56","新台幣                 10.0000元","4721644.00","322105.00","-57933.00","210952.00"
"109/11/11","109","3","3049","和鑫光電股份有限公司","光電業","0.17","新台幣                 10.0000元","2151723.00","171562.00","30727.00","139649.00"
"109/11/11","109","3","3054","立萬利創新股份有限公司","半導體業","-0.23","新台幣                 10.0000元","253931.00","-67197.00","47747.00","-19431.00"
"109/11/11","109","3","3056","總太地產開發股份有限公司","建材營造","1.03","新台幣                 10.0000元","1641113.00","260965.00","9974.00","214593.00"
"109/11/11","109","3","3059","華晶科技股份有限公司","光電業","0.46","新台幣                 10.0000元","4252973.00","86338.00","110527.00","121372.00"
"109/11/11","109","3","3130","一零四資訊科技股份有限公司","資訊服務業","5.73","新台幣                 10.0000元","1220834.00","219934.00","12805.00","188173.00"
"109/11/11","109","3","3167","大量科技股份有限公司","電機機械","1.54","新台幣                 10.0000元","1588340.00","123941.00","13881.00","120899.00"
"109/11/11","109","3","3189","景碩科技股份有限公司","半導體業","0.83","新台幣                 10.0000元","19550452.00","792835.00","-71188.00","598575.00"
"109/11/11","109","3","3257","虹冠電子工業股份有限公司","半導體業","2.18","新台幣                 10.0000元","713345.00","166937.00","11303.00","155967.00"
"109/11/11","109","3","3266","昇陽建設企業股份有限公司","建材營造","0.45","新台幣                 10.0000元","2248853.00","195303.00","5775.00","167463.00"
"109/11/11","109","3","3296","勝德國際研發股份有限公司","電子零組件業","0.07","新台幣                 10.0000元","1744184.00","18960.00","6697.00","7178.00"
"109/11/11","109","3","3311","閎暉實業股份有限公司","通信網路業","-6.60","新台幣                 10.0000元","1206056.00","-209517.00","-141527.00","-396197.00"
"109/11/11","109","3","3321","同泰電子科技股份有限公司","電子零組件業","-1.55","新台幣                 10.0000元","1380650.00","-191424.00","-816.00","-195175.00"
"109/11/11","109","3","3338","泰碩電子股份有限公司","電子零組件業","2.13","新台幣                 10.0000元","3962874.00","290201.00","-26078.00","185706.00"
"109/11/11","109","3","3356","奇偶科技股份有限公司","光電業","0.90","新台幣                 10.0000元","860513.00","8555.00","80509.00","82182.00"
"109/11/11","109","3","3380","明泰科技股份有限公司","通信網路業","0.60","新台幣                 10.0000元","22380652.00","542189.00","-14797.00","402942.00"
"109/11/11","109","3","3383","新世紀光電股份有限公司","光電業","-3.72","新台幣                 10.0000元","416487.00","-199045.00","-19036.00","-260515.00"
"109/11/11","109","3","3416","融程電訊股份有限公司","電腦及週邊設備業","2.58","新台幣                 10.0000元","1277269.00","206891.00","12953.00","186210.00"
"109/11/11","109","3","3419","譁裕實業股份有限公司","通信網路業","0.57","新台幣                 10.0000元","1025919.00","1397.00","9502.00","67579.00"
"109/11/11","109","3","3432","台端興業股份有限公司","電子零組件業","0.49","新台幣                 10.0000元","24064.00","-17244.00","62937.00","32542.00"
"109/11/11","109","3","3443","創意電子股份有限公司","半導體業","1.81","新台幣                 10.0000元","9625187.00","259676.00","48329.00","241956.00"
"109/11/11","109","3","3454","晶睿通訊股份有限公司","光電業","2.32","新台幣                 10.0000元","4308151.00","219583.00","24097.00","178108.00"
"109/11/11","109","3","3501","維熹科技股份有限公司","電子零組件業","3.14","新台幣                 10.0000元","3410334.00","432553.00","61174.00","371228.00"
"109/11/11","109","3","3504","揚明光學股份有限公司","光電業","-1.48","新台幣                 10.0000元","2858634.00","-193886.00","21171.00","-169719.00"
"109/11/11","109","3","3515","華擎科技股份有限公司","電腦及週邊設備業","8.34","新台幣                 10.0000元","13513231.00","1353627.00","5343.00","1139219.00"
"109/11/11","109","3","3530","晶相光電股份有限公司","半導體業","1.93","新台幣                 10.0000元","2067379.00","159488.00","12686.00","148659.00"
"109/11/11","109","3","3535","晶彩科技股份有限公司","光電業","-0.18","新台幣                 10.0000元","754439.00","14404.00","-24394.00","-13866.00"
"109/11/11","109","3","3543","州巧科技股份有限公司","光電業","-5.11","新台幣                 10.0000元","2224406.00","14278.00","66983.00","-432643.00"
"109/11/11","109","3","3550","聯穎科技股份有限公司","電子零組件業","0.43","新台幣                 10.0000元","2467487.00","52784.00","21670.00","37652.00"
"109/11/11","109","3","3557","嘉威生活股份有限公司","其他","7.01","新台幣                 10.0000元","3332519.00","541604.00","-11667.00","506677.00"
"109/11/11","109","3","3563","牧德科技股份有限公司","光電業","11.94","新台幣                 10.0000元","1841489.00","692864.00","-43714.00","519791.00"
"109/11/11","109","3","3583","辛耘企業股份有限公司","半導體業","2.50","新台幣                 10.0000元","2441335.00","306583.00","-48282.00","200717.00"
"109/11/11","109","3","3593","力銘科技股份有限公司","電子零組件業","0.14","新台幣                 10.0000元","484016.00","24810.00","-11285.00","11760.00"
"109/11/11","109","3","3653","健策精密工業股份有限公司","電子零組件業","5.83","新台幣                 10.0000元","5132460.00","862364.00","-8844.00","692859.00"
"109/11/11","109","3","3669","圓展科技股份有限公司","光電業","5.88","新台幣                 10.0000元","2795791.00","655983.00","4890.00","546199.00"
"109/11/11","109","3","3679","新至陞科技股份有限公司","電子零組件業","8.27","新台幣                 10.0000元","3221543.00","641496.00","-64431.00","515461.00"
"109/11/11","109","3","3682","亞太電信股份有限公司","通信網路業","-1.13","新台幣                 10.0000元","10065317.00","-4099616.00","112949.00","-4314711.00"
"109/11/11","109","3","3686","達能科技股份有限公司","半導體業","-0.84","新台幣                 10.0000元","74006.00","-35076.00","2664.00","-94639.00"
"109/11/11","109","3","3698","隆達電子股份有限公司","光電業","-0.96","新台幣                 10.0000元","6651229.00","-659478.00","132288.00","-532726.00"
"109/11/11","109","3","3703","欣陸投資控股股份有限公司","建材營造","1.38","新台幣                 10.0000元","14646729.00","1261880.00","-26326.00","1211854.00"
"109/11/11","109","3","3704","合勤投資控股股份有限公司","通信網路業","0.93","新台幣                 10.0000元","15101459.00","713188.00","-140368.00","400309.00"
"109/11/11","109","3","3708","上緯國際投資控股股份有限公司","化學工業","5.63","新台幣                 10.0000元","6472405.00","590953.00","172329.00","581121.00"
"109/11/11","109","3","3711","日月光投資控股股份有限公司","半導體業","4.12","新台幣                 10.0000元","328101327.00","23630337.00","-500539.00","18512071.00"
"109/11/11","109","3","4119","旭富製藥科技股份有限公司","生技醫療業","8.04","新台幣                 10.0000元","2191085.00","820216.00","-19158.00","638917.00"
"109/11/11","109","3","4142","國光生物科技股份有限公司","生技醫療業","0.00","新台幣                 10.0000元","1047812.00","-38886.00","9063.00","-29823.00"
"109/11/11","109","3","4164","承業生醫投資控股股份有限公司","生技醫療業","2.24","新台幣                 10.0000元","2019992.00","422135.00","-20038.00","315128.00"
"109/11/11","109","3","4190","佐登妮絲集團股份有限公司","生技醫療業","2.10","新台幣                 10.0000元","1898031.00","223039.00","-25225.00","122718.00"
"109/11/11","109","3","4532","瑞智精密股份有限公司","電機機械","1.13","新台幣                 10.0000元","14135253.00","661218.00","125976.00","584704.00"
"109/11/11","109","3","4540","全球傳動科技股份有限公司","電機機械","0.53","新台幣                 10.0000元","1958740.00","106606.00","-34925.00","50729.00"
"109/11/11","109","3","4545","銘鈺精密工業股份有限公司","電子零組件業","0.01","新台幣                 10.0000元","1338943.00","39783.00","-19892.00","521.00"
"109/11/11","109","3","4551","智伸科技股份有限公司","汽車工業","4.62","新台幣                 10.0000元","5114605.00","735685.00","-88639.00","491106.00"
"109/11/11","109","3","4557","永新控股股份有限公司","汽車工業","2.71","新台幣                 10.0000元","1044336.00","137641.00","-8475.00","103779.00"
"109/11/11","109","3","4562","穎漢科技股份有限公司","電機機械","-1.40","新台幣                 10.0000元","482824.00","-78020.00","-18094.00","-95499.00"
"109/11/11","109","3","4564","元翎精密工業股份有限公司","電機機械","1.13","新台幣                 10.0000元","1512880.00","296399.00","-21637.00","204217.00"
"109/11/11","109","3","4572","駐龍精密機械股份有限公司","電機機械","0.88","新台幣                 10.0000元","290221.00","44463.00","-698.00","31427.00"
"109/11/11","109","3","4576","大銀微系統股份有限公司","電機機械","0.70","新台幣                 10.0000元","1810354.00","110289.00","1588.00","98698.00"
"109/11/11","109","3","4722","國精化學股份有限公司","化學工業","1.89","新台幣                 10.0000元","2736008.00","243777.00","1779.00","188664.00"
"109/11/11","109","3","4737","華廣生技股份有限公司","生技醫療業","0.29","新台幣                 10.0000元","1161434.00","-23265.00","7207.00","18069.00"
"109/11/11","109","3","4755","三福化工股份有限公司","化學工業","3.36","新台幣                 10.0000元","2904979.00","353855.00","28484.00","304779.00"
"109/11/11","109","3","4906","正文科技股份有限公司","通信網路業","3.54","新台幣                 10.0000元","15040706.00","377274.00","1075967.00","1295913.00"
"109/11/11","109","3","4915","致伸科技股份有限公司","電子零組件業","3.48","新台幣                 10.0000元","48682081.00","1499109.00","432351.00","1506036.00"
"109/11/11","109","3","4930","燦星網通股份有限公司","電器電纜","1.52","新台幣                 10.0000元","6559910.00","549102.00","23456.00","404346.00"
"109/11/11","109","3","4934","太極能源科技股份有限公司","光電業","0.16","新台幣                 10.0000元","1605557.00","41495.00","-21556.00","29976.00"
"109/11/11","109","3","4952","凌通科技股份有限公司","半導體業","1.82","新台幣                 10.0000元","2070678.00","216756.00","11995.00","198243.00"
"109/11/11","109","3","4956","光鋐科技股份有限公司","光電業","-0.14","新台幣                 10.0000元","916498.00","-14616.00","722.00","-13794.00"
"109/11/11","109","3","4960","誠美材料科技股份有限公司","光電業","-0.32","新台幣                 10.0000元","6695531.00","-273188.00","58396.00","-215686.00"
"109/11/11","109","3","4961","天鈺科技股份有限公司","半導體業","1.38","新台幣                 10.0000元","7242161.00","245789.00","27441.00","235577.00"
"109/11/11","109","3","4968","立積電子股份有限公司","半導體業","8.59","新台幣                 10.0000元","3711491.00","636895.00","15090.00","536822.00"
"109/11/11","109","3","4976","佳凌科技股份有限公司","光電業","-0.58","新台幣                 10.0000元","865619.00","-88208.00","21960.00","-66248.00"
"109/11/11","109","3","4994","傳奇網路遊戲股份有限公司","資訊服務業","2.58","新台幣                 10.0000元","2486711.00","392292.00","7669.00","285502.00"
"109/11/11","109","3","4999","鑫禾科技股份有限公司","電子零組件業","3.57","新台幣                 10.0000元","1928558.00","401794.00","-55317.00","265637.00"
"109/11/11","109","3","5203","訊連科技股份有限公司","資訊服務業","2.12","新台幣                 10.0000元","1203789.00","174415.00","49905.00","178192.00"
"109/11/11","109","3","5225","東科控股股份有限公司","其他電子業","-6.27","新台幣                 10.0000元","6309822.00","-366132.00","-26003.00","-382576.00"
"109/11/11","109","3","5234","達興材料股份有限公司","光電業","4.71","新台幣                 10.0000元","3263239.00","557855.00","-5386.00","483410.00"
"109/11/11","109","3","5269","祥碩科技股份有限公司","半導體業","33.55","新台幣                 10.0000元","4987598.00","1830821.00","673382.00","2194211.00"
"109/11/11","109","3","5285","界霖科技股份有限公司","半導體業","0.67","新台幣                 10.0000元","3070908.00","106063.00","-26970.00","62921.00"
"109/11/11","109","3","5288","開曼商豐祥控股股份有限公司","電機機械","4.86","新台幣                 10.0000元","3351054.00","368931.00","48109.00","319780.00"
"109/11/11","109","3","5471","松翰科技股份有限公司","半導體業","4.56","新台幣                 10.0000元","3855530.00","886309.00","7401.00","766274.00"
"109/11/11","109","3","5519","隆大營建事業股份有限公司","建材營造","1.14","新台幣                 10.0000元","2222699.00","292962.00","-11201.00","250798.00"
"109/11/11","109","3","5706","鳳凰國際旅行社股份有限公司","觀光事業","0.15","新台幣                 10.0000元","449762.00","-9653.00","22497.00","14025.00"
"109/11/11","109","3","5871","中租控股股份有限公司","其他","8.96","新台幣                 10.0000元","43599721.00","17451072.00","611901.00","12874258.00"
"109/11/11","109","3","5906","台南生活(開曼)股份有限公司","貿易百貨","0.89","新台幣                 10.0000元","1167166.00","45631.00","12285.00","35956.00"
"109/11/11","109","3","6112","聚碩科技股份有限公司","資訊服務業","2.21","新台幣                 10.0000元","10485872.00","509698.00","35816.00","433918.00"
"109/11/11","109","3","6116","瀚宇彩晶股份有限公司","光電業","0.34","新台幣                 10.0000元","12511386.00","853106.00","238501.00","1059541.00"
"109/11/11","109","3","6117","迎廣科技股份有限公司","電腦及週邊設備業","-0.32","新台幣                 10.0000元","1724342.00","-31286.00","-6396.00","-39793.00"
"109/11/11","109","3","6120","達運精密工業股份有限公司","光電業","-1.50","新台幣                 10.0000元","9784777.00","-1273743.00","147108.00","-999006.00"
"109/11/11","109","3","6142","友勁科技股份有限公司","通信網路業","-1.16","新台幣                 10.0000元","2299401.00","-383891.00","73353.00","-310505.00"
"109/11/11","109","3","6153","嘉聯益科技股份有限公司","電子零組件業","0.69","新台幣                 10.0000元","11492246.00","279487.00","114275.00","382995.00"
"109/11/11","109","3","6155","鈞寶電子工業股份有限公司","電子零組件業","0.29","新台幣                 10.0000元","440009.00","30282.00","998.00","24744.00"
"109/11/11","109","3","6166","凌華科技股份有限公司","電腦及週邊設備業","0.79","新台幣                 10.0000元","6916886.00","311438.00","-38905.00","169072.00"
"109/11/11","109","3","6176","瑞儀光電股份有限公司","光電業","8.54","新台幣                 10.0000元","39583310.00","5597724.00","-338833.00","3971195.00"
"109/11/11","109","3","6177","達麗建設事業股份有限公司","建材營造","0.53","新台幣                 10.0000元","2043995.00","279375.00","-119151.00","148787.00"
"109/11/11","109","3","6183","關貿網路股份有限公司","資訊服務業","1.71","新台幣                 10.0000元","1377537.00","322969.00","-3304.00","256830.00"
"109/11/11","109","3","6184","大豐有線電視股份有限公司","其他","2.70","新台幣                 10.0000元","1486812.00","527357.00","-21117.00","400536.00"
"109/11/11","109","3","6192","巨路國際股份有限公司","其他電子業","5.11","新台幣                 10.0000元","4436400.00","688324.00","-5392.00","546198.00"
"109/11/11","109","3","6196","帆宣系統科技股份有限公司","其他電子業","3.80","新台幣                 10.0000元","17924327.00","906527.00","-9357.00","678436.00"
"109/11/11","109","3","6197","佳必琪國際股份有限公司","電子零組件業","1.76","新台幣                 10.0000元","2578033.00","274064.00","-12840.00","220370.00"
"109/11/11","109","3","6201","亞弘電科技股份有限公司","其他電子業","2.38","新台幣                 10.0000元","2440287.00","252304.00","8597.00","212096.00"
"109/11/11","109","3","6202","盛群半導體股份有限公司","半導體業","2.97","新台幣                 10.0000元","3959081.00","749508.00","75455.00","683479.00"
"109/11/11","109","3","6205","詮欣股份有限公司","電子零組件業","1.64","新台幣                 10.0000元","1030558.00","137574.00","5598.00","116712.00"
"109/11/11","109","3","6206","飛捷科技股份有限公司","電腦及週邊設備業","3.37","新台幣                 10.0000元","3407787.00","577331.00","41614.00","489752.00"
"109/11/11","109","3","6209","今國光學工業股份有限公司","光電業","-0.85","新台幣                 10.0000元","2072807.00","-162718.00","36977.00","-138854.00"
"109/11/11","109","3","6213","聯茂電子股份有限公司","電子零組件業","5.84","新台幣                 10.0000元","19310166.00","2392318.00","12648.00","1887892.00"
"109/11/11","109","3","6215","和椿科技股份有限公司","其他電子業","0.80","新台幣                 10.0000元","1175442.00","60591.00","31419.00","66201.00"
"109/11/11","109","3","6216","居易科技股份有限公司","通信網路業","0.92","新台幣                 10.0000元","629152.00","101590.00","-4530.00","78650.00"
"109/11/11","109","3","6243","迅杰科技股份有限公司","半導體業","-0.42","新台幣                 10.0000元","475114.00","-18563.00","-13186.00","-31749.00"
"109/11/11","109","3","6251","定穎電子股份有限公司","電子零組件業","2.34","新台幣                 10.0000元","9112146.00","466704.00","308638.00","685217.00"
"109/11/11","109","3","6257","矽格股份有限公司","半導體業","3.08","新台幣                 10.0000元","8912626.00","1671755.00","-6660.00","1379355.00"
"109/11/11","109","3","6269","台郡科技股份有限公司","電子零組件業","4.38","新台幣                 10.0000元","19208247.00","1799047.00","117827.00","1467648.00"
"109/11/11","109","3","6277","宏正自動科技股份有限公司","電腦及週邊設備業","11.52","新台幣                 10.0000元","3455908.00","392602.00","1090538.00","1377947.00"
"109/11/11","109","3","6278","台灣表面黏著科技股份有限公司","光電業","4.97","新台幣                 10.0000元","29417352.00","1800885.00","203149.00","1452949.00"
"109/11/11","109","3","6281","全國電子股份有限公司","電子通路業","4.95","新台幣                 10.0000元","15377196.00","620355.00","-5991.00","491241.00"
"109/11/11","109","3","6282","康舒科技股份有限公司","電子零組件業","2.77","新台幣                 10.0000元","15536831.00","407393.00","1969543.00","1497891.00"
"109/11/11","109","3","6409","旭隼科技股份有限公司","其他電子業","20.06","新台幣                 10.0000元","10036523.00","2132558.00","-21565.00","1741307.00"
"109/11/11","109","3","6412","群光電能科技股份有限公司","電子零組件業","4.02","新台幣                 10.0000元","25604551.00","2161686.00","-154936.00","1553667.00"
"109/11/11","109","3","6443","元晶太陽能科技股份有限公司","光電業","-0.72","新台幣                 10.0000元","3579604.00","-240294.00","-41293.00","-273357.00"
"109/11/11","109","3","6449","鈺邦科技股份有限公司","電子零組件業","2.33","新台幣                 10.0000元","1738544.00","277445.00","-14363.00","196582.00"
"109/11/11","109","3","6451","訊芯科技控股股份有限公司","半導體業","4.51","新台幣                 10.0000元","3440362.00","615790.00","-11019.00","466712.00"
"109/11/11","109","3","6456","GIS Holding Limited","光電業","7.19","新台幣                 10.0000元","89241250.00","1306131.00","1018518.00","2431314.00"
"109/11/11","109","3","6464","台灣數位光訊科技股份有限公司","其他","6.66","新台幣                 10.0000元","3263133.00","1133260.00","-109508.00","832576.00"
"109/11/11","109","3","6491","晶碩光學股份有限公司","生技醫療業","6.20","新台幣                 10.0000元","2565170.00","507089.00","4223.00","434138.00"
"109/11/11","109","3","6504","南六企業股份有限公司","其他","14.16","新台幣                 10.0000元","6899007.00","1462360.00","-45899.00","1028073.00"
"109/11/11","109","3","6505","台塑石化股份有限公司","油電燃氣業","-0.29","新台幣                 10.0000元","311412518.00","-8870071.00","5119456.00","-2864530.00"
"109/11/11","109","3","6531","愛普科技股份有限公司","半導體業","3.21","新台幣                 10.0000元","2537507.00","265847.00","-3440.00","243356.00"
"109/11/11","109","3","6533","晶心科技股份有限公司","半導體業","-1.99","新台幣                 10.0000元","312427.00","-88202.00","5832.00","-84876.00"
"109/11/11","109","3","6558","興能高科技股份有限公司","其他電子業","0.29","新台幣                 10.0000元","1219006.00","62491.00","-18074.00","25419.00"
"109/11/11","109","3","6579","研揚科技股份有限公司","電腦及週邊設備業","2.51","新台幣                 10.0000元","4487421.00","460511.00","-42190.00","314573.00"
"109/11/11","109","3","6581","台灣鋼聯股份有限公司","其他","1.54","新台幣                 10.0000元","1016933.00","229110.00","-2277.00","171270.00"
"109/11/11","109","3","6582","申豐特用應材股份有限公司","橡膠工業","9.00","新台幣                 10.0000元","3327385.00","1153056.00","18063.00","947289.00"
"109/11/11","109","3","6591","動力科技股份有限公司","電腦及週邊設備業","3.05","新台幣                 10.0000元","1090019.00","160827.00","-15720.00","85845.00"
"109/11/11","109","3","6641","基士德科技股份有限公司","其他","3.92","新台幣                 10.0000元","1243623.00","158680.00","18456.00","129402.00"
"109/11/11","109","3","6666","羅麗芬控股股份有限公司","生技醫療業","0.84","新台幣                 10.0000元","491232.00","7282.00","35470.00","39601.00"
"109/11/11","109","3","6669","緯穎科技服務股份有限公司","電腦及週邊設備業","33.62","新台幣                 10.0000元","134413639.00","7717172.00","-304818.00","5877325.00"
"109/11/11","109","3","6672","騰輝電子國際集團股份有限公司","電子零組件業","4.24","新台幣                 10.0000元","3625087.00","412051.00","-27764.00","299700.00"
"109/11/11","109","3","6674","鋐寶科技股份有限公司","通信網路業","0.45","新台幣                 10.0000元","1948765.00","6499.00","17953.00","30431.00"
"109/11/11","109","3","6698","旭暉應用材料股份有限公司","其他電子業","-0.32","新台幣                 10.0000元","413792.00","-16990.00","141.00","-23834.00"
"109/11/11","109","3","6715","嘉基科技股份有限公司","電子零組件業","3.45","新台幣                 10.0000元","1667505.00","290845.00","-19261.00","200707.00"
"109/11/11","109","3","8021","尖點科技股份有限公司","其他電子業","1.25","新台幣                 10.0000元","2132622.00","303588.00","-16161.00","189854.00"
"109/11/11","109","3","8028","昇陽國際半導體股份有限公司","半導體業","0.69","新台幣                 10.0000元","1800232.00","31157.00","28174.00","76017.00"
"109/11/11","109","3","8039","台虹科技股份有限公司","電子零組件業","2.70","新台幣                 10.0000元","6342104.00","734305.00","-29412.00","572919.00"
"109/11/11","109","3","8046","南亞電路板股份有限公司","電子零組件業","3.63","新台幣                 10.0000元","27526607.00","2661134.00","-4551.00","2342542.00"
"109/11/11","109","3","8070","長華電材股份有限公司","電子通路業","1.24","新台幣                  1.0000元","11986525.00","939488.00","268319.00","1079905.00"
"109/11/11","109","3","8103","瀚荃股份有限公司","電子零組件業","2.17","新台幣                 10.0000元","2288648.00","289961.00","-9811.00","173367.00"
"109/11/11","109","3","8104","錸寶科技股份有限公司","光電業","2.31","新台幣                 10.0000元","1173461.00","135305.00","45654.00","157315.00"
"109/11/11","109","3","8105","凌巨科技股份有限公司","光電業","-1.46","新台幣                 10.0000元","5124006.00","-600369.00","8643.00","-644677.00"
"109/11/11","109","3","8131","福懋科技股份有限公司","半導體業","2.46","新台幣                 10.0000元","7342406.00","1243222.00","64511.00","1086685.00"
"109/11/11","109","3","8150","南茂科技股份有限公司","半導體業","2.31","新台幣                 10.0000元","16701062.00","2406951.00","-315559.00","1681080.00"
"109/11/11","109","3","8163","達方電子股份有限公司","電腦及週邊設備業","2.25","新台幣                 10.0000元","15949277.00","773138.00","86098.00","663584.00"
"109/11/11","109","3","8210","勤誠興業股份有限公司","電腦及週邊設備業","5.26","新台幣                 10.0000元","5649699.00","739256.00","58173.00","627456.00"
"109/11/11","109","3","8213","志超科技股份有限公司","電子零組件業","6.10","新台幣                 10.0000元","16830491.00","1062748.00","1151136.00","1582695.00"
"109/11/11","109","3","8215","明基材料股份有限公司","光電業","0.70","新台幣                 10.0000元","10990178.00","334146.00","-36105.00","225737.00"
"109/11/11","109","3","8222","寶一科技股份有限公司","電機機械","-0.23","新台幣                 10.0000元","329913.00","-31410.00","12573.00","-15681.00"
"109/11/11","109","3","8261","富鼎先進電子股份有限公司","半導體業","1.54","新台幣                 10.0000元","2172339.00","159475.00","-3390.00","123982.00"
"109/11/11","109","3","8271","宇瞻科技股份有限公司","半導體業","2.34","新台幣                 10.0000元","5356359.00","285678.00","15797.00","235934.00"
"109/11/11","109","3","8341","日友環保科技股份有限公司","其他","6.33","新台幣                 10.0000元","2102298.00","909526.00","-4882.00","705346.00"
"109/11/11","109","3","8367","建新國際股份有限公司","航運業","1.78","新台幣                 10.0000元","1425798.00","222144.00","-10021.00","166778.00"
"109/11/11","109","3","8374","羅昇企業股份有限公司","電機機械","0.54","新台幣                 10.0000元","2002338.00","88240.00","-12672.00","60679.00"
"109/11/11","109","3","8422","可寧衛股份有限公司","其他","7.84","新台幣                 10.0000元","2010773.00","1053439.00","26387.00","851227.00"
"109/11/11","109","3","8454","富邦媒體科技股份有限公司","貿易百貨","9.51","新台幣                 10.0000元","46522804.00","1480605.00","148860.00","1328907.00"
"109/11/11","109","3","8462","柏文健康事業股份有限公司","觀光事業","4.00","新台幣                 10.0000元","2701167.00","390802.00","-32145.00","287993.00"
"109/11/11","109","3","8464","億豐綜合工業股份有限公司","其他","11.95","新台幣                 10.0000元","17648390.00","5007060.00","-150106.00","3625508.00"
"109/11/11","109","3","8478","東哥企業股份有限公司","其他","-0.77","新台幣                 10.0000元","2908636.00","11698.00","-58203.00","-69525.00"
"109/11/11","109","3","8480","泰昇國際(控股)有限公司","其他","7.24","新台幣                 10.0000元","1389659.00","254873.00","65235.00","284145.00"
"109/11/11","109","3","8481","政伸企業股份有限公司","其他","10.61","新台幣                 10.0000元","955784.00","154882.00","741928.00","706758.00"
"109/11/11","109","3","8499","鼎炫投資控股股份有限公司","其他","10.42","新台幣                 10.0000元","1675339.00","729375.00","-25564.00","531910.00"
"109/11/11","109","3","8940","新天地國際實業股份有限公司","觀光事業","-2.08","新台幣                 10.0000元","613261.00","-148047.00","-89766.00","-143799.00"
"109/11/11","109","3","8996","高力熱處理工業股份有限公司","電機機械","1.09","新台幣                 10.0000元","1461733.00","117224.00","1165.00","97767.00"
"109/11/11","109","3","9802","鈺齊國際股份有限公司","其他","4.06","新台幣                 10.0000元","8366414.00","920565.00","-92874.00","709338.00"
"109/11/11","109","3","9902","台火開發股份有限公司","其他","0.25","新台幣                 10.0000元","255586.00","-7466.00","32259.00","24305.00"
"109/11/11","109","3","9905","大華金屬工業股份有限公司","其他","1.61","新台幣                 10.0000元","5765369.00","560282.00","72072.00","485111.00"
"109/11/11","109","3","9907","統一實業股份有限公司","其他","0.54","新台幣                 10.0000元","23043435.00","1105075.00","12574.00","822539.00"
"109/11/11","109","3","9911","台灣櫻花股份有限公司","其他","2.50","新台幣                 10.0000元","4570246.00","688118.00","27135.00","547879.00"
"109/11/11","109","3","9917","中興保全科技股份有限公司","其他","3.77","新台幣                 10.0000元","10170003.00","1942609.00","158071.00","1693175.00"
"109/11/11","109","3","9924","台灣福興工業股份有限公司","其他","3.55","新台幣                 10.0000元","6624177.00","929404.00","-30119.00","676211.00"
"109/11/11","109","3","9927","泰銘實業股份有限公司","其他","0.89","新台幣                 10.0000元","6302831.00","268782.00","-27288.00","188667.00"
"109/11/11","109","3","9930","中聯資源股份有限公司","其他","2.28","新台幣                 10.0000元","7334726.00","705895.00","-9963.00","573315.00"
"109/11/11","109","3","9933","中鼎工程股份有限公司","其他","0.69","新台幣                 10.0000元","38923859.00","1415548.00","-98145.00","937530.00"
"109/11/11","109","3","9934","成霖企業股份有限公司","其他","0.34","新台幣                 10.0000元","11983981.00","350683.00","-91780.00","121936.00"
"109/11/11","109","3","9940","信義房屋股份有限公司","其他","1.27","新台幣                 10.0000元","8939180.00","1295448.00","69272.00","948660.00"
"109/11/11","109","3","9941","裕融企業股份有限公司","其他","6.60","新台幣                 10.0000元","22191740.00","2949516.00","64714.00","2280615.00"
"109/11/11","109","3","9943","好樂迪股份有限公司","觀光事業","3.20","新台幣                 10.0000元","2049313.00","396473.00","153975.00","470684.00"
